id,name,localId,rarity,supertype,subtypes,set,tp_updated,tp_unit,cm_updated,cm_unit,cm_idProduct,cm_avg,cm_low,cm_trend,cm_avg1,cm_avg7,cm_avg30,cm_avg_holo,cm_low_holo,cm_trend_holo,cm_avg1_holo,cm_avg7_holo,cm_avg30_holo,tp_holofoil_productId,tp_holofoil_lowPrice,tp_holofoil_midPrice,tp_holofoil_highPrice,tp_holofoil_marketPrice,tp_holofoil_directLowPrice,tp_normal_productId,tp_normal_lowPrice,tp_normal_midPrice,tp_normal_highPrice,tp_normal_marketPrice,tp_normal_directLowPrice,tp_reverse_holofoil_productId,tp_reverse_holofoil_lowPrice,tp_reverse_holofoil_midPrice,tp_reverse_holofoil_highPrice,tp_reverse_holofoil_marketPrice,tp_reverse_holofoil_directLowPrice,tp_1st_edition_productId,tp_1st_edition_lowPrice,tp_1st_edition_midPrice,tp_1st_edition_highPrice,tp_1st_edition_marketPrice,tp_1st_edition_directLowPrice,tp_unlimited_productId,tp_unlimited_lowPrice,tp_unlimited_midPrice,tp_unlimited_highPrice,tp_unlimited_marketPrice,tp_unlimited_directLowPrice
basep-1,Pikachu,1,Common,,,Wizards Black Star Promos,,,,,,,,,,,,,,,,,,,,,,,,,,,,,,,,,,,,,,,,,,,,,,,
fut2020-1,Pikachu on the Ball,1,None,,,Pokémon Futsal 2020,,,2026-07-23T08:03:03.918Z,EUR,506930.0,125.0,115.0,179.58,125.0,154.24,173.92,,,0.0,,,,,,,,,,,,,,,,,,,,,,,,,,,,,,,,,
2024sv-2,Pikachu,2,None,,,McDonald's Collection 2024,,,2026-07-23T08:03:03.918Z,EUR,802824.0,1.91,0.05,1.41,1.64,1.71,1.87,,,0.0,,,,,,,,,,,,,,,,,,,,,,,,,,,,,,,,,
basep-4,Pikachu,4,Common,,,Wizards Black Star Promos,,,,,,,,,,,,,,,,,,,,,,,,,,,,,,,,,,,,,,,,,,,,,,,
2018sm-4,Pikachu,4,None,,,McDonald's Collection 2018,2026-07-23T08:03:01.748Z,USD,2026-07-23T08:03:03.918Z,EUR,366772.0,12.62,1.0,12.83,20.0,15.06,10.6,,,5.68,3.99,6.1,3.7,180452.0,25.49,33.4,309.8,40.43,,,,,,,,,,,,,,,,,,,,,,,,,
2017sm-5,Pikachu,5,None,,,McDonald's Collection 2017,2026-07-23T08:03:01.708Z,USD,2026-07-23T08:03:03.918Z,EUR,301847.0,12.6,1.0,14.3,4.0,12.22,10.63,,,10.21,15.45,9.59,6.48,152685.0,14.22,30.0,300.8,28.09,,,,,,,,,,,,,,,,,,,,,,,,,
2014xy-5,Pikachu,5,None,,,McDonald's Collection 2014,2026-07-23T08:03:01.639Z,USD,2026-07-23T08:03:03.918Z,EUR,281657.0,6.25,3.5,1.76,2.5,6.08,8.38,,,12.9,14.0,9.21,7.04,110410.0,98.88,249.99,700.99,35.63,,,,,,,,,,,,,,,,,,,,,,,,,
cel25-5,Pikachu,5,Holo Rare,,,Celebrations,2026-07-23T08:03:01.823Z,USD,2026-07-23T08:03:03.918Z,EUR,576750.0,5.29,1.0,4.86,4.66,4.93,5.22,,,0.0,,,,250303.0,2.99,7.07,4321.0,5.64,6.42,,,,,,,,,,,,,,,,,,,,,,,,
ex5.5-5,Pikachu,5,None,,,Poké Card Creator Pack,,,2026-07-23T08:03:03.918Z,EUR,605996.0,400.0,40000.0,400.0,400.0,400.0,400.0,,,0.0,,,,,,,,,,,,,,,,,,,,,,,,,,,,,,,,,
2016xy-6,Pikachu,6,None,,,McDonald's Collection 2016,2026-07-23T08:03:01.687Z,USD,2026-07-23T08:03:03.918Z,EUR,295142.0,24.8,1.4,20.94,12.38,24.43,15.4,,,6.09,3.5,6.0,4.69,275062.0,74.99,95.0,131.97,11.0,,,,,,,,,,,,,,,,,,,,,,,,,
2019sm-6,Pikachu,6,None,,,McDonald's Collection 2019,2026-07-23T08:03:01.781Z,USD,2026-07-23T08:03:03.918Z,EUR,412874.0,8.67,0.5,8.09,4.5,6.34,9.65,,,8.67,5.0,11.67,9.23,200967.0,24.0,60.0,497.91,34.47,449.99,,,,,,,,,,,,,,,,,,,,,,,,
2015xy-6,Pikachu,6,None,,,McDonald's Collection 2015,2026-07-23T08:03:01.670Z,USD,2026-07-23T08:03:03.735Z,EUR,293322.0,27.09,1.75,21.29,30.0,21.07,14.68,,,10.31,20.0,9.54,9.62,110424.0,21.5,36.01,9999.0,34.72,,,,,,,,,,,,,,,,,,,,,,,,,
2023sv-6,Pikachu,6,None,,,McDonald's Collection 2023,,,2026-07-23T08:03:03.918Z,EUR,725423.0,1.78,0.15,1.6,1.33,1.73,1.79,,,0.0,,,,,,,,,,,,,,,,,,,,,,,,,,,,,,,,,
cel25-6,Flying Pikachu V,6,Holo Rare V,,,Celebrations,2026-07-23T08:03:01.823Z,USD,2026-07-23T08:03:03.918Z,EUR,576751.0,3.39,1.5,2.89,3.15,2.97,3.38,,,0.0,,,,250304.0,2.74,4.99,4321.0,4.09,4.8,,,,,,,,,,,,,,,,,,,,,,,,
tk-ex-latio-6,Pikachu,6,None,,,EX trainer Kit (Latios),2026-07-23T08:03:01.215Z,USD,,,,,,,,,,,,,,,,,,,,,,88079.0,3.81,7.7,4321.0,8.18,,,,,,,,,,,,,,,,,,,
2022swsh-7,Pikachu,7,None,,,McDonald's Collection 2022,,,2026-07-23T08:03:03.918Z,EUR,670472.0,1.7,0.09,1.29,0.85,1.25,1.64,,,0.0,,,,,,,,,,,,,,,,,,,,,,,,,,,,,,,,,
ru1-7,Pikachu,7,None,,,Pokémon Rumble,,,2026-07-23T08:03:03.918Z,EUR,278848.0,1503.99,275.0,1296.19,1499.99,1345.7,590.15,,500.0,41.46,39.99,37.71,16.09,,,,,,,,,,,,,,,,,,,,,,,,,,,,,,
cel25-7,Flying Pikachu VMAX,7,Holo Rare VMAX,,,Celebrations,2026-07-23T08:03:01.823Z,USD,2026-07-23T08:03:03.918Z,EUR,576752.0,6.62,2.0,5.38,5.61,5.53,6.51,,,0.0,,,,250305.0,5.69,9.43,1078.54,7.76,8.99,,,,,,,,,,,,,,,,,,,,,,,,
cel25-8,Surfing Pikachu V,8,Holo Rare V,,,Celebrations,2026-07-23T08:03:01.823Z,USD,2026-07-23T08:03:03.918Z,EUR,576753.0,3.68,1.47,3.25,3.11,3.22,3.41,,,0.0,,,,250306.0,3.44,5.72,125.0,4.43,5.4,,,,,,,,,,,,,,,,,,,,,,,,
pop6-9,Pikachu,9,Common,,,POP Series 6,2026-07-23T08:03:01.466Z,USD,2026-07-23T08:03:03.918Z,EUR,277894.0,26.22,7.5,22.6,8.0,13.74,23.3,,,11.78,9.95,9.56,4.91,88087.0,93.7,126.38,798.82,135.0,599.99,88087.0,139.99,669.75,1399.9,95.12,,,,,,,,,,,,,,,,,,,
cel25-9,Surfing Pikachu VMAX,9,Holo Rare VMAX,,,Celebrations,2026-07-23T08:03:01.823Z,USD,2026-07-23T08:03:03.918Z,EUR,576754.0,5.82,3.33,5.81,5.44,5.45,5.78,,,0.0,,,,250307.0,5.75,9.0,107.58,8.29,7.45,,,,,,,,,,,,,,,,,,,,,,,,
P-A-009,Pikachu,009,None,,,Promos-A,,,,,,,,,,,,,,,,,,,,,,,,,,,,,,,,,,,,,,,,,,,,,,,
det1-10,Detective Pikachu,10,Rare,,,Detective Pikachu,2026-07-23T08:03:01.757Z,USD,2026-07-23T08:03:03.735Z,EUR,370774.0,13.49,0.99,10.08,11.53,12.24,13.3,5.99,5.0,10.13,12.0,9.14,9.77,186015.0,5.29,12.76,98.83,14.47,14.47,,,,,,,,,,,,,,,,,,,,,,,,
np-12,Pikachu,12,Common,,,Nintendo Black Star Promos,,,,,,,,,,,,,,,,,,,,,,,,,,,,,,,,,,,,,,,,,,,,,,,
pop5-12,Pikachu,12,Common,,,POP Series 5,2026-07-23T08:03:01.262Z,USD,2026-07-23T08:03:03.735Z,EUR,277494.0,90.0,22.0,112.82,85.0,80.04,75.38,,950.0,194.06,315.0,120.43,68.91,88085.0,350.0,350.0,350.0,434.85,,88085.0,54.99,456.32,4321.0,62.87,456.32,,,,,,,,,,,,,,,,,,
pop4-13,Pikachu,13,Common,,,POP Series 4,2026-07-23T08:03:01.252Z,USD,2026-07-23T08:03:03.735Z,EUR,277478.0,45.99,5.0,52.28,89.99,57.14,37.82,,50.0,18.56,20.0,17.0,12.02,88083.0,345.0,999.99,9999.0,62.16,,88083.0,39.99,48.75,300.0,32.3,,,,,,,,,,,,,,,,,,,
pop5-13,Pikachu δ,13,Common,,,POP Series 5,,,2026-07-23T08:03:03.735Z,EUR,277495.0,33.75,20.0,29.14,55.0,38.22,35.3,,,0.0,,,,,,,,,,,,,,,,,,,,,,,,,,,,,,,,,
tk-sm-r-14,Pikachu,14,None,,,SM trainer Kit (Alolan Raichu),2026-07-23T08:03:01.700Z,USD,,,,,,,,,,,,,,,,,,,,,,152868.0,0.45,0.92,19.98,0.89,,,,,,,,,,,,,,,,,,,
tk-xy-p-14,Pikachu Libre,14,None,,,XY trainer Kit (Pikachu Libre),2026-07-23T08:03:01.681Z,USD,,,,,,,,,,,,,,,,,,,,,,118819.0,10.99,33.49,84.7,21.27,,,,,,,,,,,,,,,,,,,
pop9-15,Pikachu,15,Common,,,POP Series 9,2026-07-23T08:03:01.491Z,USD,2026-07-23T08:03:03.735Z,EUR,278566.0,14.4,3.5,16.99,5.49,15.35,14.72,,,14.35,10.0,16.43,11.9,,,,,,,88092.0,13.99,20.24,4319.99,19.65,194.37,,,,,,,,,,,,,,,,,,
P-A-015,Pikachu,015,None,,,Promos-A,,,,,,,,,,,,,,,,,,,,,,,,,,,,,,,,,,,,,,,,,,,,,,,
pop2-16,Pikachu,16,Common,,,POP Series 2,2026-07-23T08:03:01.234Z,USD,2026-07-23T08:03:03.735Z,EUR,277447.0,18.44,7.5,21.57,15.0,19.43,24.13,,,8.61,8.5,7.83,7.83,,,,,,,88081.0,50.0,65.0,360.0,49.1,,,,,,,,,,,,,,,,,,,
mfb-17,Pikachu,17,None,,,My First Battle,,,2026-07-23T08:03:03.735Z,EUR,742000.0,12.24,3.0,11.85,5.98,12.21,7.24,,,0.0,,,,,,,,,,,,,,,,,,,,,,,,,,,,,,,,,
sv04.5-018,Pikachu,018,Common,,,Paldean Fates,2026-07-23T08:03:01.881Z,USD,2026-07-23T08:03:03.918Z,EUR,751545.0,0.07,0.02,0.05,0.09,0.07,0.08,0.22,0.02,0.18,0.1,0.15,0.18,,,,,,,534163.0,0.02,0.25,20.0,0.22,0.14,534163.0,0.01,0.35,10.0,0.35,0.29,,,,,,,,,,,,
sm115-19,Pikachu,19,Common,,,Hidden Fates,2026-07-23T08:03:01.779Z,USD,2026-07-23T08:03:03.918Z,EUR,394592.0,0.79,0.07,0.8,0.93,0.6,0.73,5.71,3.75,6.28,9.9,6.02,5.58,,,,,,,197663.0,0.3,1.07,19.52,0.92,0.99,197663.0,4.89,9.02,96.72,8.87,7.03,,,,,,,,,,,,
xy6-20,Pikachu,20,Common,,,Roaring Skies,2026-07-23T08:03:01.663Z,USD,2026-07-23T08:03:03.735Z,EUR,282688.0,1.96,0.02,1.91,1.68,2.03,2.01,8.03,1.0,7.87,9.99,9.55,7.44,,,,,,,98056.0,0.25,1.15,18.48,1.43,1.99,98056.0,1.83,7.22,99.5,6.43,,,,,,,,,,,,,
A2b-022,Pikachu ex,022,Four Diamond,,,Shining Revelry,,,,,,,,,,,,,,,,,,,,,,,,,,,,,,,,,,,,,,,,,,,,,,,
basep-24,___________'s Pikachu,24,Common,,,Wizards Black Star Promos,,,,,,,,,,,,,,,,,,,,,,,,,,,,,,,,,,,,,,,,,,,,,,,
basep-25,Flying Pikachu,25,Common,,,Wizards Black Star Promos,,,,,,,,,,,,,,,,,,,,,,,,,,,,,,,,,,,,,,,,,,,,,,,
sv03.5-025,Pikachu,025,Common,,,151,2026-07-23T08:03:01.874Z,USD,2026-07-23T08:03:03.735Z,EUR,733620.0,0.2,0.02,0.08,0.06,0.11,0.21,0.47,0.03,0.53,0.3,0.54,0.48,,,,,,,517033.0,0.01,0.25,19.98,0.26,0.24,517033.0,0.2,0.75,19.34,0.64,0.8,,,,,,,,,,,,
2021swsh-25,Pikachu,25,None,,,McDonald's Collection 2021,,,2026-07-23T08:03:03.918Z,EUR,539018.0,1.84,0.1,2.58,2.42,2.32,2.05,,,25.1,28.39,26.7,28.1,,,,,,,,,,,,,,,,,,,,,,,,,,,,,,
A1a-025,Pikachu,025,One Diamond,,,Mythical Island,,,,,,,,,,,,,,,,,,,,,,,,,,,,,,,,,,,,,,,,,,,,,,,
A2a-025,Pikachu,025,One Diamond,,,Triumphant Light,,,,,,,,,,,,,,,,,,,,,,,,,,,,,,,,,,,,,,,,,,,,,,,
basep-26,Pikachu,26,Common,,,Wizards Black Star Promos,,,,,,,,,,,,,,,,,,,,,,,,,,,,,,,,,,,,,,,,,,,,,,,
P-A-026,Pikachu,026,None,,,Promos-A,,,,,,,,,,,,,,,,,,,,,,,,,,,,,,,,,,,,,,,,,,,,,,,
g1-26,Pikachu,26,Common,,,Generations,2026-07-23T08:03:01.679Z,USD,2026-07-23T08:03:03.918Z,EUR,288464.0,3.57,0.5,3.28,1.95,3.17,3.52,12.98,2.5,17.47,9.0,12.54,13.98,,,,,,,113684.0,2.27,3.57,96.95,3.73,2.92,113684.0,9.31,23.97,149.99,15.67,,,,,,,,,,,,,
basep-27,Pikachu,27,Common,,,Wizards Black Star Promos,,,,,,,,,,,,,,,,,,,,,,,,,,,,,,,,,,,,,,,,,,,,,,,
svp-027,Pikachu,027,Promo,,,SVP Black Star Promos,,,2026-07-23T08:03:03.918Z,EUR,703195.0,27.67,12.0,26.27,18.85,25.95,27.68,,,0.0,,,,,,,,,,,,,,,,,,,,,,,,,,,,,,,,,
swsh10.5-027,Pikachu,027,Common,,,Pokémon GO,2026-07-23T08:03:01.840Z,USD,2026-07-23T08:03:03.918Z,EUR,665260.0,0.14,0.02,0.15,0.09,0.12,0.14,0.53,0.02,0.36,0.25,0.68,0.53,,,,,,,276946.0,0.07,0.38,25.0,0.43,0.17,276946.0,0.09,0.91,19.98,0.93,1.18,,,,,,,,,,,,
xy3-27,Pikachu,27,Common,,,Furious Fists,2026-07-23T08:03:01.641Z,USD,2026-07-23T08:03:03.918Z,EUR,281691.0,4.89,0.15,5.16,2.63,4.38,4.26,9.29,0.75,12.51,14.0,13.53,12.69,,,,,,,92202.0,1.69,5.08,89.99,5.14,6.97,92202.0,7.4,16.85,96.93,16.82,96.93,,,,,,,,,,,,
basep-28,Surfing Pikachu,28,Common,,,Wizards Black Star Promos,,,,,,,,,,,,,,,,,,,,,,,,,,,,,,,,,,,,,,,,,,,,,,,
sv08.5-028,Pikachu ex,028,Double rare,,,Prismatic Evolutions,2026-07-23T08:03:01.906Z,USD,2026-07-23T08:03:03.918Z,EUR,805417.0,2.75,0.6,2.66,2.66,2.95,2.72,,,0.0,,,,610383.0,1.2,2.61,4321.0,2.41,4.99,,,,,,,,,,,,,,,,,,,,,,,,
swsh10.5-028,Pikachu,028,Holo Rare,,,Pokémon GO,2026-07-23T08:03:01.840Z,USD,2026-07-23T08:03:03.918Z,EUR,665261.0,0.66,0.02,0.74,0.89,0.78,0.69,1.47,0.2,1.49,0.65,1.31,1.45,274461.0,0.7,1.85,96.85,1.85,1.7,,,,,,,274461.0,1.0,2.66,19.16,2.57,3.18,,,,,,,,,,,,
sm3.5-28,Pikachu,28,Common,,,Shining Legends,2026-07-23T08:03:01.718Z,USD,2026-07-23T08:03:03.918Z,EUR,302166.0,1.91,0.14,1.97,1.94,1.61,2.13,6.77,1.0,7.54,2.5,4.78,5.8,,,,,,,146682.0,0.47,1.93,5.99,2.11,2.8,146682.0,1.91,14.65,4321.0,12.07,,,,,,,,,,,,,
tk-sm-r-29,Pikachu,29,None,,,SM trainer Kit (Alolan Raichu),2026-07-23T08:03:01.700Z,USD,,,,,,,,,,,,,,,,,,,,,,152869.0,0.35,1.32,19.98,1.32,,,,,,,,,,,,,,,,,,,
sm4-30,Pikachu,30,Common,,,Crimson Invasion,2026-07-23T08:03:01.720Z,USD,2026-07-23T08:03:03.918Z,EUR,311880.0,1.65,0.02,1.51,1.19,1.19,1.45,7.66,3.0,7.07,8.0,5.84,6.74,,,,,,,149053.0,1.0,3.0,4321.0,2.98,1.68,149053.0,8.68,15.0,149.99,14.22,19.97,,,,,,,,,,,,
tk-xy-p-30,Pikachu Libre,30,None,,,XY trainer Kit (Pikachu Libre),2026-07-23T08:03:01.681Z,USD,,,,,,,,,,,,,,,,118820.0,27.01,54.0,599.9,52.84,,,,,,,,,,,,,,,,,,,,,,,,,
sm9-33,Pikachu & Zekrom GX,33,Ultra Rare,,,Team Up,2026-07-23T08:03:01.755Z,USD,2026-07-23T08:03:03.918Z,EUR,366888.0,153.05,15.0,46.54,70.0,77.26,128.22,,,6.15,4.83,6.13,6.44,183804.0,27.47,77.34,999.99,64.29,58.11,,,,,,,,,,,,,,,,,,,,,,,,
np-35,Pikachu δ,35,Common,,,Nintendo Black Star Promos,,,,,,,,,,,,,,,,,,,,,,,,,,,,,,,,,,,,,,,,,,,,,,,
xy12-35,Pikachu,35,Common,,,Evolutions,2026-07-23T08:03:01.689Z,USD,2026-07-23T08:03:03.918Z,EUR,293392.0,1.35,0.02,1.33,0.63,0.83,1.34,6.15,0.9,6.33,6.0,6.34,6.74,,,,,,,124048.0,0.16,0.88,19.95,1.0,1.99,124048.0,2.0,6.5,4321.0,6.3,3.15,,,,,,,,,,,,
bw4-39,Pikachu,39,Common,,,Next Destinies,2026-07-23T08:03:01.567Z,USD,2026-07-23T08:03:03.918Z,EUR,280264.0,2.92,0.05,2.7,0.1,1.7,2.8,25.98,1.2,16.33,4.0,18.12,15.47,,,,,,,88102.0,2.99,4.99,10.0,4.98,5.35,88102.0,21.03,28.45,299.9,24.35,,,,,,,,,,,,,
sm3-40,Pikachu,40,Common,,,Burning Shadows,2026-07-23T08:03:01.716Z,USD,2026-07-23T08:03:03.918Z,EUR,299444.0,0.96,0.02,0.56,0.55,0.85,0.96,3.04,0.5,3.15,2.99,3.04,4.7,,,,,,,138522.0,0.25,1.01,19.46,1.1,,138522.0,0.35,5.77,4321.0,5.75,6.54,,,,,,,,,,,,
xy1-42,Pikachu,42,Common,,,XY,2026-07-23T08:03:01.625Z,USD,2026-07-23T08:03:03.918Z,EUR,281379.0,6.91,0.09,6.36,5.0,3.86,6.57,16.3,6.49,14.32,18.0,14.35,11.79,,,,,,,88106.0,0.75,3.0,29.99,2.95,3.15,88106.0,8.75,19.99,100.0,13.08,,,,,,,,,,,,,
swsh4-43,Pikachu V,43,Holo Rare V,,,Vivid Voltage,2026-07-23T08:03:01.804Z,USD,2026-07-23T08:03:03.918Z,EUR,511635.0,2.4,0.99,2.87,2.94,2.56,2.53,,,3.27,2.82,3.33,3.49,226430.0,0.85,2.74,50.0,2.31,2.32,,,,,,,,,,,,,,,,,,,,,,,,
ex4-43,Pikachu,43,Common,,,Team Magma vs Team Aqua,2026-07-23T08:03:01.210Z,USD,2026-07-23T08:03:03.918Z,EUR,276020.0,6.82,1.0,9.17,10.0,8.53,7.1,,25.0,76.03,17.0,85.75,45.9,,,,,,,88077.0,14.56,23.45,991.74,21.52,,88077.0,149.99,250.0,298.99,73.6,,,,,,,,,,,,,
swsh4-44,Pikachu VMAX,44,Holo Rare VMAX,,,Vivid Voltage,2026-07-23T08:03:01.804Z,USD,2026-07-23T08:03:03.918Z,EUR,511640.0,12.32,3.99,9.29,8.0,14.1,13.71,,,25.71,24.49,26.2,26.19,226432.0,9.8,13.68,500.0,12.58,16.23,,,,,,,,,,,,,,,,,,,,,,,,
xy8-48,Pikachu,48,Common,,,BREAKthrough,2026-07-23T08:03:01.668Z,USD,2026-07-23T08:03:03.918Z,EUR,286294.0,1.83,0.05,1.81,1.0,1.53,1.81,9.9,7.49,10.77,2.9,10.08,9.2,,,,,,,107167.0,0.32,1.0,19.6,1.19,0.58,107167.0,5.1,14.98,139.99,11.75,,,,,,,,,,,,,
swsh7-49,Pikachu,49,Common,,,Evolving Skies,2026-07-23T08:03:01.819Z,USD,2026-07-23T08:03:03.918Z,EUR,574073.0,0.52,0.02,0.72,0.04,0.1,0.53,0.61,0.05,0.53,0.2,0.64,0.56,,,,,,,246881.0,0.01,0.35,19.84,0.36,0.4,246881.0,0.13,0.99,19.46,1.02,0.25,,,,,,,,,,,,
swsh12-049,Pikachu,049,Common,,,Silver Tempest,2026-07-23T08:03:01.852Z,USD,2026-07-23T08:03:03.918Z,EUR,682096.0,0.11,0.02,0.15,0.08,0.13,0.1,0.78,0.09,0.56,0.49,0.53,0.7,,,,,,,451703.0,0.05,0.49,20.0,0.48,0.56,451703.0,0.49,1.4,19.94,1.37,,,,,,,,,,,,,
B2-049,Pikachu,049,One Diamond,,,Fantastical Parade,,,,,,,,,,,,,,,,,,,,,,,,,,,,,,,,,,,,,,,,,,,,,,,
bw7-50,Pikachu,50,Common,,,Boundaries Crossed,2026-07-23T08:03:01.594Z,USD,2026-07-23T08:03:03.918Z,EUR,280637.0,4.72,0.02,3.15,2.49,3.38,4.14,31.98,1.5,22.08,10.0,27.1,19.47,,,,,,,88103.0,1.8,2.95,89.68,3.0,89.68,88103.0,28.0,44.99,812.9,31.68,,,,,,,,,,,,,
sv05-051,Pikachu,051,Common,,,Temporal Forces,2026-07-23T08:03:01.885Z,USD,2026-07-23T08:03:03.918Z,EUR,760681.0,0.1,0.02,0.09,0.24,0.09,0.1,0.33,0.02,0.19,0.05,0.17,0.33,,,,,,,542795.0,0.02,0.32,25.0,0.33,0.25,542795.0,0.05,0.65,19.98,0.63,0.7,,,,,,,,,,,,
swsh11-052,Pikachu,052,Common,,,Lost Origin,2026-07-23T08:03:01.847Z,USD,2026-07-23T08:03:03.918Z,EUR,674062.0,0.24,0.02,0.12,0.07,0.17,0.24,8.08,0.79,8.48,2.0,6.44,6.99,,,,,,,283926.0,0.25,1.46,1000.0,1.38,1.79,283926.0,4.29,7.2,25.02,6.63,9.97,,,,,,,,,,,,
sm10-54,Pikachu,54,Common,,,Unbroken Bonds,2026-07-23T08:03:01.773Z,USD,2026-07-23T08:03:03.918Z,EUR,372345.0,3.25,0.02,2.13,1.23,1.91,2.86,15.17,1.73,12.62,14.5,12.87,8.42,,,,,,,189153.0,0.54,1.7,19.98,1.48,,189153.0,4.0,8.0,35.86,5.91,35.86,,,,,,,,,,,,
me02.5-055,Pikachu,055,Common,,,Ascended Heroes,2026-07-23T08:03:01.931Z,USD,2026-07-23T08:03:03.918Z,EUR,869666.0,0.1,0.02,0.05,0.04,0.06,0.08,,,0.0,,,,,,,,,,675867.0,0.01,0.28,20.0,0.28,0.25,,,,,,,,,,,,,,,,,,
sm11-55,Pikachu,55,Common,,,Unified Minds,2026-07-23T08:03:01.776Z,USD,2026-07-23T08:03:03.918Z,EUR,388097.0,1.75,0.02,1.77,1.12,1.84,1.97,8.91,2.2,8.45,3.0,8.02,6.0,,,,,,,194981.0,0.33,1.75,29.99,1.78,2.24,194981.0,3.5,5.4,4321.0,5.29,,,,,,,,,,,,,
sm11-56,Pikachu,56,Common,,,Unified Minds,2026-07-23T08:03:01.776Z,USD,2026-07-23T08:03:03.918Z,EUR,388097.0,1.75,0.02,1.77,1.12,1.84,1.97,8.91,2.2,8.45,3.0,8.02,6.0,,,,,,,194982.0,2.3,6.0,96.91,6.01,2.79,194982.0,9.99,19.97,45.0,18.63,17.96,,,,,,,,,,,,
sv08-057,Pikachu ex,057,Double rare,,,Surging Sparks,2026-07-23T08:03:01.900Z,USD,2026-07-23T08:03:03.918Z,EUR,794329.0,4.31,1.0,3.9,3.87,3.9,4.29,,,0.0,,,,590025.0,2.0,4.58,4321.0,3.86,3.9,,,,,,,,,,,,,,,,,,,,,,,,
me02.5-057,Pikachu ex,057,Double rare,,,Ascended Heroes,2026-07-23T08:03:01.931Z,USD,2026-07-23T08:03:03.918Z,EUR,869668.0,3.56,0.9,3.69,3.52,3.71,3.64,,,0.0,,,,675869.0,2.19,3.69,4321.0,3.32,,,,,,,,,,,,,,,,,,,,,,,,,
ex16-57,Pikachu,57,Common,,,Power Keepers,2026-07-23T08:03:01.260Z,USD,2026-07-23T08:03:03.918Z,EUR,277363.0,4.2,0.5,5.45,1.0,5.72,4.72,77.47,19.89,51.91,49.99,43.74,32.17,,,,,,,88084.0,4.93,13.41,109.8,11.17,,88084.0,159.99,235.2,429.99,42.24,189.95,,,,,,,,,,,,
A3-057,Pikachu,057,One Diamond,,,Celestial Guardians,,,,,,,,,,,,,,,,,,,,,,,,,,,,,,,,,,,,,,,,,,,,,,,
base1-58,Pikachu,58,Common,,,Base Set,2026-07-23T08:03:01.106Z,USD,2026-07-23T08:03:03.918Z,EUR,273753.0,5.76,0.08,6.88,2.51,6.72,5.98,,,36.37,1.0,42.86,22.72,,,,,,,42402.0,1.58,4.0,1000.0,7.81,2.19,,,,,,,,,,,,,,,,,,
base2-60,Pikachu,60,Common,,,Jungle,2026-07-23T08:03:01.110Z,USD,2026-07-23T08:03:03.918Z,EUR,273857.0,4.71,0.04,0.02,3.65,6.51,7.78,,,20.37,0.75,17.97,10.49,,,,,,,,,,,,,,,,,,,45163.0,15.79,26.9,130.0,26.94,19.5,45163.0,0.4,3.75,39.99,6.1,9.74
ex9-60,Pikachu,60,Common,,,Emerald,2026-07-23T08:03:01.232Z,USD,2026-07-23T08:03:03.918Z,EUR,276571.0,4.24,0.1,5.39,3.99,5.5,4.45,71.1,12.5,118.96,34.5,72.62,145.43,,,,,,,88080.0,11.29,18.1,148.8,18.23,,88080.0,199.99,599.99,999.99,65.76,,,,,,,,,,,,,
hgss3-61,Pikachu,61,Common,,,Undaunted,2026-07-23T08:03:01.529Z,USD,2026-07-23T08:03:03.918Z,EUR,279314.0,4.21,0.1,3.92,0.5,4.16,4.2,29.99,1.85,44.36,30.0,29.99,36.33,,,,,,,88097.0,10.0,12.97,170.9,12.3,,88097.0,150.0,220.53,659.9,124.97,,,,,,,,,,,,,
sv02-062,Pikachu,062,Common,,,Paldea Evolved,2026-07-23T08:03:01.865Z,USD,2026-07-23T08:03:03.918Z,EUR,715537.0,0.08,0.02,0.08,0.02,0.07,0.07,0.2,0.02,0.23,0.08,0.2,0.2,,,,,,,497473.0,0.02,0.25,19.98,0.19,0.04,497473.0,0.1,0.49,30.0,0.51,0.22,,,,,,,,,,,,
sv02-063,Pikachu ex,063,Double rare,,,Paldea Evolved,2026-07-23T08:03:01.865Z,USD,2026-07-23T08:03:03.918Z,EUR,715538.0,2.02,0.05,2.02,1.87,1.88,2.03,,,0.0,,,,497474.0,1.96,4.6,15.0,4.03,4.13,,,,,,,,,,,,,,,,,,,,,,,,
swsh1-65,Pikachu,65,Common,,,Sword & Shield,2026-07-23T08:03:01.790Z,USD,2026-07-23T08:03:03.918Z,EUR,436459.0,1.26,0.02,1.07,0.75,1.2,1.27,6.57,1.99,4.96,3.9,4.48,5.9,,,,,,,208362.0,0.01,0.7,44.0,0.73,,208362.0,0.89,2.89,96.95,2.87,1.31,,,,,,,,,,,,
sm12-66,Pikachu,66,Common,,,Cosmic Eclipse,2026-07-23T08:03:01.784Z,USD,2026-07-23T08:03:03.918Z,EUR,398534.0,152.34,25.0,129.41,129.99,129.39,151.75,,,39.13,35.0,34.14,47.11,,,,,,,201241.0,1.24,1.97,4321.0,1.83,,201241.0,3.5,9.26,98.99,9.1,8.95,,,,,,,,,,,,
neo1-70,Pikachu,70,Common,,,Neo Genesis,2026-07-23T08:03:01.141Z,USD,2026-07-23T08:03:03.918Z,EUR,274470.0,4.62,0.1,4.68,2.65,3.55,4.56,,,1.18,1.99,0.98,0.98,,,,,,,,,,,,,,,,,,,88072.0,17.55,36.1,260.0,36.19,249.99,88072.0,3.59,8.46,24276.22,10.51,49.99
dp5-70,Pikachu,70,Common,,,Majestic Dawn,2026-07-23T08:03:01.477Z,USD,2026-07-23T08:03:03.918Z,EUR,278119.0,1.1,0.1,2.29,1.81,2.16,1.37,53.02,5.0,20.96,9.0,25.9,17.19,,,,,,,88088.0,2.94,7.86,41.94,8.39,,88088.0,50.0,64.0,150.0,63.31,,,,,,,,,,,,,
dp7-70,Pikachu,70,Common,,,Stormfront,2026-07-23T08:03:01.485Z,USD,2026-07-23T08:03:03.918Z,EUR,278368.0,4.14,0.15,4.39,2.99,6.5,4.98,35.0,1.0,17.56,6.0,24.47,17.37,,,,,,,88090.0,6.55,11.31,150.0,12.25,14.95,88090.0,35.0,37.22,764.9,53.75,,,,,,,,,,,,,
pl4-71,Pikachu,71,Common,,,Arceus,2026-07-23T08:03:01.505Z,USD,2026-07-23T08:03:03.918Z,EUR,278943.0,2.75,0.19,3.8,2.25,3.25,2.93,33.13,9.95,29.42,104.99,40.95,27.83,,,,,,,88094.0,3.99,6.25,41.86,6.55,5.6,88094.0,85.0,124.88,125.0,35.0,,,,,,,,,,,,,
ex2-72,Pikachu,72,Common,,,Sandstorm,2026-07-23T08:03:01.198Z,USD,2026-07-23T08:03:03.918Z,EUR,275849.0,5.56,0.5,8.39,1.0,6.13,5.87,104.47,1.5,59.74,39.9,53.86,38.91,,,,,,,88073.0,6.0,12.34,61.2,11.9,,88073.0,108.01,654.99,999.99,124.3,,,,,,,,,,,,,
ex6-74,Pikachu,74,Common,,,FireRed & LeafGreen,2026-07-23T08:03:01.221Z,USD,2026-07-23T08:03:03.918Z,EUR,276250.0,8.43,1.5,9.42,1.0,9.11,8.56,84.79,13.0,67.18,81.98,72.6,52.08,,,,,,,88078.0,6.35,11.19,89.9,9.25,,88078.0,174.99,279.99,369.99,159.26,,,,,,,,,,,,,
hgss1-78,Pikachu,78,Common,,,HeartGold SoulSilver,2026-07-23T08:03:01.515Z,USD,2026-07-23T08:03:03.918Z,EUR,279050.0,4.07,0.2,3.96,3.16,3.9,4.02,53.52,2.0,24.59,4.0,30.99,21.09,,,,,,,88095.0,6.0,11.81,108.44,11.81,15.0,88095.0,95.99,99.99,100.0,43.33,,,,,,,,,,,,,
ex13-78,Pikachu,78,Common,,,Holon Phantoms,2026-07-23T08:03:01.250Z,USD,2026-07-23T08:03:03.918Z,EUR,277048.0,8.42,0.4,4.61,7.51,5.65,7.92,80.44,29.99,81.68,70.0,54.98,60.86,,,,,,,88082.0,5.6,10.85,99.99,10.71,95.42,88082.0,175.0,301.28,6999.9,170.0,379.99,,,,,,,,,,,,
ex13-79,Pikachu δ,79,Common,,,Holon Phantoms,,,2026-07-23T08:03:03.918Z,EUR,277049.0,6.11,1.0,5.15,1.0,5.68,6.3,134.83,25.0,102.48,180.0,124.0,85.48,,,,,,,,,,,,,,,,,,,,,,,,,,,,,,
gym1-81,Lt. Surge's Pikachu,81,Common,,,Gym Heroes,2026-07-23T08:03:01.132Z,USD,2026-07-23T08:03:03.918Z,EUR,274217.0,8.46,0.5,13.28,50.0,10.12,7.91,,,1.5,1.5,3.25,3.25,,,,,,,,,,,,,,,,,,,86859.0,16.5,24.99,122.5,24.91,,86859.0,2.6,5.39,106.4,6.4,4.09
A2b-082,Pikachu ex,082,Two Star,,,Shining Revelry,,,,,,,,,,,,,,,,,,,,,,,,,,,,,,,,,,,,,,,,,,,,,,,
ecard3-84,Pikachu,84,Common,,,Skyridge,2026-07-23T08:03:01.190Z,USD,2026-07-23T08:03:03.918Z,EUR,275342.0,36.91,18.99,66.37,39.0,41.87,62.84,101.99,45.0,341.24,79.99,241.56,289.03,,,,,,,88074.0,333.98,350.75,1006.42,126.35,899.99,88074.0,899.99,899.99,899.99,350.0,,,,,,,,,,,,,
gym2-84,Lt. Surge's Pikachu,84,Common,,,Gym Challenge,2026-07-23T08:03:01.136Z,USD,2026-07-23T08:03:03.918Z,EUR,274352.0,18.04,1.0,25.52,12.43,31.8,16.05,,,0.0,,,,,,,,,,,,,,,,,,,,,,86860.0,17.0,24.5,249.4,23.14,,86860.0,4.95,10.39,249.89,10.39,7.45
svp-085,Pikachu with Grey Felt Hat,085,Promo,,,SVP Black Star Promos,,,2026-07-23T08:03:03.918Z,EUR,735302.0,858.44,575.0,765.62,1071.23,919.22,810.65,,,0.0,,,,,,,,,,,,,,,,,,,,,,,,,,,,,,,,,
lc-86,Pikachu,86,Common,,,Legendary Collection,2026-07-23T08:03:01.174Z,USD,2026-07-23T08:03:03.918Z,EUR,274851.0,42.97,0.49,0.02,2.15,2.89,30.39,634.0,520.0,520.56,600.0,555.29,359.84,,,,,,,88075.0,1.5,4.7,78.34,6.51,78.34,88075.0,1499.99,1649.99,4999.99,799.99,,,,,,,,,,,,,
swsh8-86,Pikachu V,86,Holo Rare V,,,Fusion Strike,2026-07-23T08:03:01.827Z,USD,2026-07-23T08:03:03.918Z,EUR,582411.0,2.89,1.0,2.72,3.1,2.68,2.78,,,0.0,,,,253241.0,1.98,4.0,4321.0,3.68,4.19,,,,,,,,,,,,,,,,,,,,,,,,
base4-87,Pikachu,87,Common,,,Base Set 2,2026-07-23T08:03:01.121Z,USD,2026-07-23T08:03:03.918Z,EUR,274010.0,3.55,0.49,1.74,2.0,2.06,4.06,,,2.05,2.05,3.0,3.0,,,,,,,42538.0,0.74,2.06,4321.0,2.73,2.64,,,,,,,,,,,,,,,,,,
svp-088,Pikachu,088,Promo,,,SVP Black Star Promos,,,2026-07-23T08:03:03.918Z,EUR,751813.0,33.8,14.99,30.24,23.97,30.62,33.97,,,0.0,,,,,,,,,,,,,,,,,,,,,,,,,,,,,,,,,
A2b-092,Pikachu ex,092,Two Star,,,Shining Revelry,,,,,,,,,,,,,,,,,,,,,,,,,,,,,,,,,,,,,,,,,,,,,,,
ex12-93,Pikachu δ,93,Rare,,,Legend Maker,,,2026-07-23T08:03:03.918Z,EUR,276970.0,90.96,14.95,31.07,104.99,89.93,124.63,,40.0,53.63,19.99,45.13,32.45,,,,,,,,,,,,,,,,,,,,,,,,,,,,,,
A1-094,Pikachu,094,One Diamond,,,Genetic Apex,,,,,,,,,,,,,,,,,,,,,,,,,,,,,,,,,,,,,,,,,,,,,,,
dp2-94,Pikachu,94,Common,,,Mysterious Treasures,2026-07-23T08:03:01.268Z,USD,2026-07-23T08:03:03.918Z,EUR,277723.0,5.09,0.4,7.95,5.0,9.04,6.4,11.18,7.0,8.4,20.0,12.13,15.39,,,,,,,88086.0,10.0,19.86,69.68,21.27,,88086.0,45.99,199.95,352.89,43.99,,,,,,,,,,,,,
A1-096,Pikachu ex,096,Four Diamond,,,Genetic Apex,,,,,,,,,,,,,,,,,,,,,,,,,,,,,,,,,,,,,,,,,,,,,,,
svp-101,Pikachu,101,Promo,,,SVP Black Star Promos,,,2026-07-23T08:03:03.918Z,EUR,740411.0,32.33,12.0,32.73,42.0,34.45,30.62,,,0.0,,,,,,,,,,,,,,,,,,,,,,,,,,,,,,,,,
ex13-104,Pikachu Star,104,Rare,,,Holon Phantoms,2026-07-23T08:03:01.250Z,USD,2026-07-23T08:03:03.918Z,EUR,277048.0,8.42,0.4,4.61,7.51,5.65,7.92,80.44,29.99,81.68,70.0,54.98,60.86,88111.0,6997.84,6997.84,6997.84,3200.0,,,,,,,,,,,,,,,,,,,,,,,,,
svp-106,Pikachu ex,106,Promo,,,SVP Black Star Promos,,,,,,,,,,,,,,,,,,,,,,,,,,,,,,,,,,,,,,,,,,,,,,,
xy12-110,Flying Pikachu,110,Secret Rare,,,Evolutions,2026-07-23T08:03:01.689Z,USD,2026-07-23T08:03:03.918Z,EUR,293472.0,9.7,3.5,8.95,8.5,9.64,13.37,,,10.69,5.0,14.05,6.62,,,,,,,124123.0,5.5,8.86,149.97,8.22,9.31,,,,,,,,,,,,,,,,,,
xy12-111,Surfing Pikachu,111,Secret Rare,,,Evolutions,2026-07-23T08:03:01.689Z,USD,2026-07-23T08:03:03.918Z,EUR,293473.0,12.68,3.0,11.76,10.95,11.86,12.47,,,10.72,7.99,9.17,6.16,,,,,,,124124.0,5.79,10.7,194.69,10.96,190.8,,,,,,,,,,,,,,,,,,
pl2-112,Pikachu,112,Rare,,,Rising Rivals,2026-07-23T08:03:01.495Z,USD,2026-07-23T08:03:03.918Z,EUR,278686.0,71.84,12.0,71.91,39.95,59.58,58.03,,60.0,35.03,44.99,37.28,25.19,88091.0,225.0,303.74,2410.0,323.07,,,,,,,,,,,,,,,,,,,,,,,,,
pl2-113,Flying Pikachu,113,Rare,,,Rising Rivals,2026-07-23T08:03:01.495Z,USD,2026-07-23T08:03:03.918Z,EUR,278687.0,21.87,7.99,29.5,24.0,22.11,65.47,,16.5,24.46,7.5,22.56,17.17,85535.0,115.0,217.82,1198.5,127.04,140.0,,,,,,,,,,,,,,,,,,,,,,,,
pl2-114,Surfing Pikachu,114,Rare,,,Rising Rivals,2026-07-23T08:03:01.495Z,USD,2026-07-23T08:03:03.918Z,EUR,278688.0,59.63,8.99,65.24,40.34,60.68,80.43,,20.0,34.27,28.0,31.13,15.86,89644.0,399.99,1199.99,3102.67,310.5,1199.99,,,,,,,,,,,,,,,,,,,,,,,,
bw1-115,Pikachu,115,Secret Rare,,,Black & White,2026-07-23T08:03:01.542Z,USD,2026-07-23T08:03:03.918Z,EUR,279853.0,96.88,11.99,83.66,94.5,85.63,64.06,,,16.08,4.0,7.99,17.53,88101.0,120.0,180.96,779.5,139.44,,,,,,,,,,,,,,,,,,,,,,,,,
pl3-120,Pikachu,120,Common,,,Supreme Victors,,,2026-07-23T08:03:03.918Z,EUR,278811.0,3.38,0.2,3.87,3.82,3.66,3.62,72.49,10.0,35.0,129.99,36.29,24.76,,,,,,,,,,,,,,,,,,,,,,,,,,,,,,
ecard1-124,Pikachu,124,Common,,,Expedition Base Set,2026-07-23T08:03:01.178Z,USD,2026-07-23T08:03:03.918Z,EUR,274999.0,12.34,1.0,17.85,24.46,20.46,14.1,88.94,5.0,64.22,19.99,72.09,45.36,,,,,,,88076.0,13.49,24.94,248.5,23.61,23.61,88076.0,499.99,499.99,1309.8,109.66,,,,,,,,,,,,,
sv04.5-131,Pikachu,131,Shiny rare,,,Paldean Fates,2026-07-23T08:03:01.881Z,USD,2026-07-23T08:03:03.918Z,EUR,751670.0,81.07,28.0,134.06,72.61,111.48,86.98,,,0.0,,,,534522.0,74.84,90.4,4321.0,84.8,80.99,,,,,,,,,,,,,,,,,,,,,,,,
swsh9-157,Pikachu V,157,Ultra Rare,,,Brilliant Stars,2026-07-23T08:03:01.831Z,USD,2026-07-23T08:03:03.918Z,EUR,608703.0,28.05,5.0,29.02,20.99,43.28,27.96,,,0.0,,,,263876.0,18.73,28.46,4321.0,25.24,29.98,,,,,,,,,,,,,,,,,,,,,,,,
swsh12.5-160,Pikachu,160,Secret Rare,,,Crown Zenith,2026-07-23T08:03:01.857Z,USD,2026-07-23T08:03:03.918Z,EUR,691879.0,68.34,34.0,58.02,53.6,51.99,66.33,,,0.0,,,,478103.0,40.0,53.27,4321.0,43.65,46.88,,,,,,,,,,,,,,,,,,,,,,,,
sm9-162,Pikachu & Zekrom GX,162,Ultra Rare,,,Team Up,2026-07-23T08:03:01.755Z,USD,2026-07-23T08:03:03.918Z,EUR,369087.0,280.84,25.0,186.26,99.99,173.65,149.05,,,36.7,32.0,37.42,26.65,183805.0,115.89,149.99,1209.8,149.38,,,,,,,,,,,,,,,,,,,,,,,,,
swsh4-170,Pikachu V,170,Ultra Rare,,,Vivid Voltage,2026-07-23T08:03:01.804Z,USD,2026-07-23T08:03:03.918Z,EUR,512560.0,32.33,10.99,34.44,38.99,34.07,36.31,,,73.85,70.0,80.29,76.41,226431.0,40.0,48.98,99.99,46.91,58.99,,,,,,,,,,,,,,,,,,,,,,,,
sv03.5-173,Pikachu,173,Illustration rare,,,151,2026-07-23T08:03:01.874Z,USD,2026-07-23T08:03:03.918Z,EUR,733768.0,93.93,40.0,72.23,89.0,83.03,93.42,,,0.0,,,,513721.0,72.49,105.35,10000.0,99.92,104.85,,,,,,,,,,,,,,,,,,,,,,,,
sv08.5-179,Pikachu ex,179,Hyper rare,,,Prismatic Evolutions,2026-07-23T08:03:01.906Z,USD,2026-07-23T08:03:03.918Z,EUR,805573.0,86.33,27.0,81.84,100.0,65.15,78.26,,,0.0,,,,610534.0,59.79,77.34,4321.0,66.68,60.0,,,,,,,,,,,,,,,,,,,,,,,,
sm9-184,Pikachu & Zekrom GX,184,Secret Rare,,,Team Up,2026-07-23T08:03:01.755Z,USD,2026-07-23T08:03:03.918Z,EUR,369109.0,129.99,20.0,176.49,100.0,92.79,127.16,,,122.11,75.0,128.43,57.22,183806.0,230.0,249.99,499.95,236.55,,,,,,,,,,,,,,,,,,,,,,,,,
swsh4-188,Pikachu VMAX,188,Secret Rare,,,Vivid Voltage,2026-07-23T08:03:01.804Z,USD,2026-07-23T08:03:03.918Z,EUR,512650.0,160.34,60.0,133.29,125.0,140.05,159.36,,,299.11,265.0,304.37,294.87,226434.0,180.0,214.55,1222.8,200.92,215.94,,,,,,,,,,,,,,,,,,,,,,,,
svp-190,Pikachu,190,Promo,,,SVP Black Star Promos,,,2026-07-23T08:03:03.918Z,EUR,784938.0,64.95,63.95,88.97,64.95,101.39,71.52,,,0.0,,,,,,,,,,,,,,,,,,,,,,,,,,,,,,,,,
svp-214,Pikachu,214,Promo,,,SVP Black Star Promos,,,2026-07-23T08:03:03.918Z,EUR,810398.0,30.63,12.5,24.87,17.0,28.29,31.01,,,0.0,,,,,,,,,,,,,,,,,,,,,,,,,,,,,,,,,
sv08-219,Pikachu ex,219,Ultra Rare,,,Surging Sparks,2026-07-23T08:03:01.900Z,USD,2026-07-23T08:03:03.918Z,EUR,794592.0,38.7,13.0,17.61,27.03,23.44,37.01,,,0.0,,,,590026.0,27.86,34.24,202.4,31.35,34.5,,,,,,,,,,,,,,,,,,,,,,,,
svp-225,Pikachu,225,Promo,,,SVP Black Star Promos,,,,,,,,,,,,,,,,,,,,,,,,,,,,,,,,,,,,,,,,,,,,,,,
sv08-238,Pikachu ex,238,Special illustration rare,,,Surging Sparks,2026-07-23T08:03:01.900Z,USD,2026-07-23T08:03:03.918Z,EUR,794611.0,371.73,175.0,343.16,307.0,453.3,345.73,,,0.0,,,,590027.0,273.13,360.0,4321.0,334.19,294.17,,,,,,,,,,,,,,,,,,,,,,,,
sm12-241,Pikachu,241,Secret Rare,,,Cosmic Eclipse,2026-07-23T08:03:01.784Z,USD,2026-07-23T08:03:03.735Z,EUR,398534.0,152.34,25.0,129.41,129.99,129.39,151.75,,,39.13,35.0,34.14,47.11,201352.0,148.0,229.88,4321.0,223.14,200.0,,,,,,,,,,,,,,,,,,,,,,,,
sv08-247,Pikachu ex,247,Hyper rare,,,Surging Sparks,2026-07-23T08:03:01.900Z,USD,2026-07-23T08:03:03.918Z,EUR,794621.0,74.26,45.99,56.14,62.5,58.6,73.58,,,0.0,,,,593169.0,82.37,97.97,568.7,92.73,120.0,,,,,,,,,,,,,,,,,,,,,,,,
A1-259,Pikachu ex,259,Two Star,,,Genetic Apex,,,,,,,,,,,,,,,,,,,,,,,,,,,,,,,,,,,,,,,,,,,,,,,
me02.5-276,Pikachu ex,276,Special illustration rare,,,Ascended Heroes,2026-07-23T08:03:01.931Z,USD,2026-07-23T08:03:03.918Z,EUR,869888.0,1039.28,475.0,744.69,750.0,770.5,1071.69,,,0.0,,,,676088.0,999.99,1252.33,5000.0,1140.54,1250.0,,,,,,,,,,,,,,,,,,,,,,,,
me02.5-277,Pikachu ex,277,Special illustration rare,,,Ascended Heroes,2026-07-23T08:03:01.931Z,USD,2026-07-23T08:03:03.735Z,EUR,869887.0,369.07,220.0,315.23,235.0,289.38,344.43,,,0.0,,,,676089.0,374.99,439.81,750.0,395.29,,,,,,,,,,,,,,,,,,,,,,,,,
A1-281,Pikachu ex,281,Three Star,,,Genetic Apex,,,,,,,,,,,,,,,,,,,,,,,,,,,,,,,,,,,,,,,,,,,,,,,
A1-285,Pikachu ex,285,Crown,,,Genetic Apex,,,,,,,,,,,,,,,,,,,,,,,,,,,,,,,,,,,,,,,,,,,,,,,
B1-321,Pikachu ex,321,Two Shiny,,,Mega Rising,,,,,,,,,,,,,,,,,,,,,,,,,,,,,,,,,,,,,,,,,,,,,,,
bwp-BW54,Pikachu,BW54,Common,,,BW Black Star Promos,,,,,,,,,,,,,,,,,,,,,,,,,,,,,,,,,,,,,,,,,,,,,,,
bwp-BW77,Pikachu,BW77,Common,,,BW Black Star Promos,,,,,,,,,,,,,,,,,,,,,,,,,,,,,,,,,,,,,,,,,,,,,,,
cel25cc-CC008,_____'s Pikachu,CC008,Classic Collection,,,Celebrations Classic Collection,,,2026-07-23T08:03:03.918Z,EUR,576778.0,42.34,19.99,29.54,25.0,32.81,40.97,,,0.0,,,,,,,,,,,,,,,,,,,,,,,,,,,,,,,,,
dpp-DP16,Pikachu,DP16,Common,,,DP Black Star Promos,,,,,,,,,,,,,,,,,,,,,,,,,,,,,,,,,,,,,,,,,,,,,,,
swsh12.5gg-GG30,Pikachu,GG30,Rare,,,Crown Zenith Galarian Gallery,,,2026-07-23T08:03:03.918Z,EUR,691909.0,62.04,34.99,51.77,49.9,52.71,59.77,,,0.0,,,,,,,,,,,,,,,,,,,,,,,,,,,,,,,,,
hgssp-HGSS03,Pikachu,HGSS03,Common,,,HGSS Black Star Promos,,,,,,,,,,,,,,,,,,,,,,,,,,,,,,,,,,,,,,,,,,,,,,,
g1-RC29,Pikachu,RC29,Ultra Rare,,,Generations,,,2026-07-23T08:03:03.918Z,EUR,288464.0,3.57,0.5,3.28,1.95,3.17,3.52,12.98,2.5,17.47,9.0,12.54,13.98,,,,,,,,,,,,,,,,,,,,,,,,,,,,,,
bw11-RC7,Pikachu,RC7,Uncommon,,,Legendary Treasures,,,2026-07-23T08:03:03.918Z,EUR,281142.0,91.28,30.0,75.66,73.0,82.44,54.85,52.79,30.0,58.31,44.9,51.26,41.64,,,,,,,,,,,,,,,,,,,,,,,,,,,,,,
smp-SM04,Pikachu,SM04,Promo,,,SM Black Star Promos,,,,,,,,,,,,,,,,,,,,,,,,,,,,,,,,,,,,,,,,,,,,,,,
smp-SM108,Ash's Pikachu,SM108,Promo,,,SM Black Star Promos,,,,,,,,,,,,,,,,,,,,,,,,,,,,,,,,,,,,,,,,,,,,,,,
smp-SM109,Ash's Pikachu,SM109,Promo,,,SM Black Star Promos,,,,,,,,,,,,,,,,,,,,,,,,,,,,,,,,,,,,,,,,,,,,,,,
smp-SM110,Ash's Pikachu,SM110,Promo,,,SM Black Star Promos,,,,,,,,,,,,,,,,,,,,,,,,,,,,,,,,,,,,,,,,,,,,,,,
smp-SM111,Ash's Pikachu,SM111,Promo,,,SM Black Star Promos,,,,,,,,,,,,,,,,,,,,,,,,,,,,,,,,,,,,,,,,,,,,,,,
smp-SM112,Ash's Pikachu,SM112,Promo,,,SM Black Star Promos,,,,,,,,,,,,,,,,,,,,,,,,,,,,,,,,,,,,,,,,,,,,,,,
smp-SM113,Ash's Pikachu,SM113,Promo,,,SM Black Star Promos,,,,,,,,,,,,,,,,,,,,,,,,,,,,,,,,,,,,,,,,,,,,,,,
smp-SM114,Ash's Pikachu,SM114,Promo,,,SM Black Star Promos,,,,,,,,,,,,,,,,,,,,,,,,,,,,,,,,,,,,,,,,,,,,,,,
smp-SM157,Pikachu,SM157,Promo,,,SM Black Star Promos,,,,,,,,,,,,,,,,,,,,,,,,,,,,,,,,,,,,,,,,,,,,,,,
smp-SM162,Pikachu,SM162,Promo,,,SM Black Star Promos,,,,,,,,,,,,,,,,,,,,,,,,,,,,,,,,,,,,,,,,,,,,,,,
smp-SM168,Pikachu & Zekrom GX,SM168,Promo,,,SM Black Star Promos,,,,,,,,,,,,,,,,,,,,,,,,,,,,,,,,,,,,,,,,,,,,,,,
smp-SM170,Detective Pikachu,SM170,Promo,,,SM Black Star Promos,,,,,,,,,,,,,,,,,,,,,,,,,,,,,,,,,,,,,,,,,,,,,,,
smp-SM183,Pikachu,SM183,Promo,,,SM Black Star Promos,,,,,,,,,,,,,,,,,,,,,,,,,,,,,,,,,,,,,,,,,,,,,,,
smp-SM190,Detective Pikachu,SM190,Promo,,,SM Black Star Promos,,,,,,,,,,,,,,,,,,,,,,,,,,,,,,,,,,,,,,,,,,,,,,,
smp-SM194,Detective Pikachu,SM194,Promo,,,SM Black Star Promos,,,,,,,,,,,,,,,,,,,,,,,,,,,,,,,,,,,,,,,,,,,,,,,
smp-SM206,Pikachu,SM206,Promo,,,SM Black Star Promos,,,,,,,,,,,,,,,,,,,,,,,,,,,,,,,,,,,,,,,,,,,,,,,
smp-SM227,Pikachu,SM227,Promo,,,SM Black Star Promos,,,,,,,,,,,,,,,,,,,,,,,,,,,,,,,,,,,,,,,,,,,,,,,
smp-SM232,Pikachu GX,SM232,Promo,,,SM Black Star Promos,,,,,,,,,,,,,,,,,,,,,,,,,,,,,,,,,,,,,,,,,,,,,,,
smp-SM234,Pikachu,SM234,Promo,,,SM Black Star Promos,,,,,,,,,,,,,,,,,,,,,,,,,,,,,,,,,,,,,,,,,,,,,,,
smp-SM248,Pikachu & Zekrom GX,SM248,Promo,,,SM Black Star Promos,2026-07-23T08:03:01.695Z,USD,,,,,,,,,,,,,,,,253397.0,35.0,44.15,5000.0,39.07,35.94,,,,,,,,,,,,,,,,,,,,,,,,
smp-SM76,Pikachu,SM76,Promo,,,SM Black Star Promos,,,,,,,,,,,,,,,,,,,,,,,,,,,,,,,,,,,,,,,,,,,,,,,
smp-SM81,Pikachu,SM81,Promo,,,SM Black Star Promos,,,,,,,,,,,,,,,,,,,,,,,,,,,,,,,,,,,,,,,,,,,,,,,
smp-SM86,Pikachu,SM86,Promo,,,SM Black Star Promos,,,,,,,,,,,,,,,,,,,,,,,,,,,,,,,,,,,,,,,,,,,,,,,
smp-SM98,Pikachu,SM98,Promo,,,SM Black Star Promos,,,,,,,,,,,,,,,,,,,,,,,,,,,,,,,,,,,,,,,,,,,,,,,
swshp-SWSH020,Pikachu,SWSH020,Promo,,,SWSH Black Star Promos,,,2026-07-23T08:03:03.918Z,EUR,461594.0,99.73,25.0,118.11,58.4,152.7,88.83,,,29.71,33.95,30.91,37.19,,,,,,,,,,,,,,,,,,,,,,,,,,,,,,
swshp-SWSH039,Pikachu,SWSH039,Promo,,,SWSH Black Star Promos,,,2026-07-23T08:03:03.918Z,EUR,461594.0,99.73,25.0,118.11,58.4,152.7,88.83,,,29.71,33.95,30.91,37.19,,,,,,,,,,,,,,,,,,,,,,,,,,,,,,
swshp-SWSH061,Pikachu V,SWSH061,Promo,,,SWSH Black Star Promos,2026-07-23T08:03:01.787Z,USD,2026-07-23T08:03:03.735Z,EUR,496545.0,7.14,3.49,7.53,5.0,8.19,7.31,,,5.72,5.99,5.68,6.67,232434.0,1.0,2.49,20.0,2.09,2.04,,,,,,,,,,,,,,,,,,,,,,,,
swshp-SWSH062,Pikachu VMAX,SWSH062,Promo,,,SWSH Black Star Promos,,,2026-07-23T08:03:03.735Z,EUR,576730.0,24.98,6.99,27.39,18.32,26.35,23.07,,,0.0,,,,,,,,,,,,,,,,,,,,,,,,,,,,,,,,,
swshp-SWSH063,Pikachu V,SWSH063,Promo,,,SWSH Black Star Promos,,,2026-07-23T08:03:03.918Z,EUR,461594.0,99.73,25.0,118.11,58.4,152.7,88.83,,,29.71,33.95,30.91,37.19,,,,,,,,,,,,,,,,,,,,,,,,,,,,,,
swshp-SWSH074,Special Delivery Pikachu,SWSH074,Promo,,,SWSH Black Star Promos,,,2026-07-23T08:03:03.918Z,EUR,516369.0,1411.83,450.0,888.87,599.0,851.81,525.24,,,478.31,295.0,377.32,240.69,,,,,,,,,,,,,,,,,,,,,,,,,,,,,,
swshp-SWSH139,Pikachu V-UNION,SWSH139,Promo,,,SWSH Black Star Promos,,,2026-07-23T08:03:03.918Z,EUR,576738.0,9.96,5.49,9.2,9.95,11.5,9.67,,,0.0,,,,,,,,,,,,,,,,,,,,,,,,,,,,,,,,,
swshp-SWSH140,Pikachu V-UNION,SWSH140,Promo,,,SWSH Black Star Promos,,,2026-07-23T08:03:04.010Z,EUR,576738.0,9.96,5.49,9.2,9.95,11.5,9.67,,,0.0,,,,,,,,,,,,,,,,,,,,,,,,,,,,,,,,,
swshp-SWSH141,Pikachu V-UNION,SWSH141,Promo,,,SWSH Black Star Promos,,,2026-07-23T08:03:04.010Z,EUR,576738.0,9.96,5.49,9.2,9.95,11.5,9.67,,,0.0,,,,,,,,,,,,,,,,,,,,,,,,,,,,,,,,,
swshp-SWSH142,Pikachu V-UNION,SWSH142,Promo,,,SWSH Black Star Promos,,,2026-07-23T08:03:03.918Z,EUR,576738.0,9.96,5.49,9.2,9.95,11.5,9.67,,,0.0,,,,,,,,,,,,,,,,,,,,,,,,,,,,,,,,,
swshp-SWSH143,Pikachu V,SWSH143,Promo,,,SWSH Black Star Promos,,,2026-07-23T08:03:03.918Z,EUR,461594.0,99.73,25.0,118.11,58.4,152.7,88.83,,,29.71,33.95,30.91,37.19,,,,,,,,,,,,,,,,,,,,,,,,,,,,,,
swshp-SWSH145,Pikachu V,SWSH145,Promo,,,SWSH Black Star Promos,,,2026-07-23T08:03:03.918Z,EUR,461594.0,99.73,25.0,118.11,58.4,152.7,88.83,,,29.71,33.95,30.91,37.19,,,,,,,,,,,,,,,,,,,,,,,,,,,,,,
swshp-SWSH153,Pikachu,SWSH153,Promo,,,SWSH Black Star Promos,,,2026-07-23T08:03:03.918Z,EUR,461594.0,99.73,25.0,118.11,58.4,152.7,88.83,,,29.71,33.95,30.91,37.19,,,,,,,,,,,,,,,,,,,,,,,,,,,,,,
swshp-SWSH198,Pikachu V,SWSH198,Promo,,,SWSH Black Star Promos,,,2026-07-23T08:03:03.918Z,EUR,461594.0,99.73,25.0,118.11,58.4,152.7,88.83,,,29.71,33.95,30.91,37.19,,,,,,,,,,,,,,,,,,,,,,,,,,,,,,
swshp-SWSH234,Pikachu,SWSH234,Promo,,,SWSH Black Star Promos,2026-07-23T08:03:01.787Z,USD,2026-07-23T08:03:03.918Z,EUR,461594.0,99.73,25.0,118.11,58.4,152.7,88.83,,,29.71,33.95,30.91,37.19,277039.0,4.97,9.69,39.99,8.52,5.35,,,,,,,,,,,,,,,,,,,,,,,,
swshp-SWSH285,Pikachu V,SWSH285,Promo,,,SWSH Black Star Promos,2026-07-23T08:03:01.787Z,USD,2026-07-23T08:03:03.918Z,EUR,461594.0,99.73,25.0,118.11,58.4,152.7,88.83,,,29.71,33.95,30.91,37.19,478423.0,2.2,5.55,4321.0,4.94,5.86,,,,,,,,,,,,,,,,,,,,,,,,
swshp-SWSH286,Pikachu VMAX,SWSH286,Promo,,,SWSH Black Star Promos,2026-07-23T08:03:01.787Z,USD,2026-07-23T08:03:03.918Z,EUR,461594.0,99.73,25.0,118.11,58.4,152.7,88.83,,,29.71,33.95,30.91,37.19,478424.0,5.0,8.7,29.99,7.58,8.7,,,,,,,,,,,,,,,,,,,,,,,,
swsh11.5tg-TG05,Pikachu,TG05,Rare,,,Lost Origin Trainer Gallery,,,2026-07-23T08:03:03.918Z,EUR,674225.0,36.42,14.99,37.43,37.0,35.44,36.39,,,0.0,,,,,,,,,,,,,,,,,,,,,,,,,,,,,,,,,
swsh11.5tg-TG16,Pikachu V,TG16,Ultra Rare,,,Lost Origin Trainer Gallery,,,2026-07-23T08:03:03.918Z,EUR,674234.0,151.11,35.0,122.23,59.89,105.18,157.99,,,0.0,,,,,,,,,,,,,,,,,,,,,,,,,,,,,,,,,
swsh11.5tg-TG17,Pikachu VMAX,TG17,Ultra Rare,,,Lost Origin Trainer Gallery,,,2026-07-23T08:03:03.918Z,EUR,674235.0,110.33,30.0,115.46,76.99,103.53,110.36,,,0.0,,,,,,,,,,,,,,,,,,,,,,,,,,,,,,,,,
swsh11.5tg-TG29,Pikachu VMAX,TG29,Secret Rare,,,Lost Origin Trainer Gallery,,,2026-07-23T08:03:03.918Z,EUR,674244.0,17.44,6.0,17.0,25.0,16.76,17.15,,,0.0,,,,,,,,,,,,,,,,,,,,,,,,,,,,,,,,,
xyp-XY124,Pikachu EX,XY124,Promo,,,XY Black Star Promos,,,2026-07-23T08:03:03.918Z,EUR,554190.0,,,,,,,,,,,,,,,,,,,,,,,,,,,,,,,,,,,,,,,,,,
xyp-XY174,Pikachu-EX,XY174,Promo,,,XY Black Star Promos,,,,,,,,,,,,,,,,,,,,,,,,,,,,,,,,,,,,,,,,,,,,,,,
xyp-XY202,Pikachu,XY202,Promo,,,XY Black Star Promos,,,2026-07-23T08:03:03.918Z,EUR,289809.0,113.45,3.0,106.46,337.0,127.38,67.63,,,23.68,9.66,22.36,16.44,,,,,,,,,,,,,,,,,,,,,,,,,,,,,,
xyp-XY84,Pikachu EX,XY84,Promo,,,XY Black Star Promos,,,2026-07-23T08:03:03.918Z,EUR,554190.0,,,,,,,,,,,,,,,,,,,,,,,,,,,,,,,,,,,,,,,,,,
xyp-XY89,Pikachu,XY89,Promo,,,XY Black Star Promos,,,2026-07-23T08:03:03.918Z,EUR,554190.0,,,,,,,,,,,,,,,,,,,,,,,,,,,,,,,,,,,,,,,,,,
xyp-XY95,Pikachu,XY95,Promo,,,XY Black Star Promos,,,2026-07-23T08:03:03.918Z,EUR,289809.0,113.45,3.0,106.46,337.0,127.38,67.63,,,23.68,9.66,22.36,16.44,,,,,,,,,,,,,,,,,,,,,,,,,,,,,,
